station,niskin,depth,pressure,salinity,temperature,total_phosphate,total_ammonia,total_nitrate_nitrite,total_nitrite,total_nitrate,stncode,total_silicate,duplicate,Phosphate_flag,Ammonium_flag,Nitrate_and_Nitrite_flag,Nitrite_flag,Nitrate_flag,Silicate_flag,density
1,1,4340.435346153845,4422.328846153848,34.90321634615383,2.484317307692308,1.5148065776657738,0.13523321406264777,22.52751850086769,0.008756107385351293,22.518762393482337,111,45.15232708379483,1.0,2.0,2.0,2.0,2.0,2.0,2.0,1.0278539999471377
1,1,4340.435346153845,4422.328846153848,34.90321634615383,2.484317307692308,1.5138336768451792,0.1400977181656207,22.450659336040715,0.008756107385351293,22.441903228655367,112,45.18637861251565,2.0,2.0,2.0,2.0,2.0,2.0,2.0,1.0278539999471377
1,2,4341.164508474574,4423.079169491526,34.90333644067796,2.484124576271187,,,,,,,,,,,,,,,1.0278541126080614
1,3,4185.760879315676,4263.232243532919,34.90544289395042,2.4852308152118088,,,,,,,,,,,,,,,1.0278557024178385
1,4,3999.7611666666658,4072.005761904762,34.90911904761906,2.4991642857142855,,,,,,,,,,,,,,,1.0278574420357638
1,5,3998.2045227272715,4070.406409090909,34.909196590909104,2.4994750000000003,,,,,,,,,,,,,,,1.0278574772508193
1,6,3489.460932883317,3548.458050701836,34.922463026386524,2.6064669287412983,1.4797752655415366,0.147880236924598,22.293918612678706,0.010701859251122225,22.283216753427585,161,43.70736607787872,1.0,2.0,2.0,2.0,2.0,2.0,2.0,1.0278587805989423
1,6,3489.460932883317,3548.458050701836,34.922463026386524,2.6064669287412983,1.4875584359059892,0.125503622126797,22.235544834945316,0.009728962955565659,22.225815871989745,162,43.08276665613141,2.0,2.0,2.0,2.0,2.0,2.0,2.0,1.0278587805989423
1,7,2489.4732212178837,2525.666199122125,34.955607659115735,3.195983921065345,1.4029538503418104,0.10994021157324867,21.00149917716943,0.011675066715743221,20.989824110453686,171,35.352102015270475,1.0,2.0,2.0,2.0,2.0,2.0,2.0,1.0278313856501242
1,7,2489.4732212178837,2525.666199122125,34.955607659115735,3.195983921065345,1.3971163169839387,0.11966943383636802,21.00928255497993,0.011675066715743221,20.997607488264183,172,35.35015617081785,2.0,2.0,2.0,2.0,2.0,2.0,2.0,1.0278313856501242
1,8,1498.435973130156,1516.7053239472891,35.16687569383085,5.4958673034452445,1.1890071047873738,0.10800310035302658,17.699859446143304,0.009730009040813207,17.690129437102488,181,13.961589972662868,1.0,2.0,2.0,2.0,3.0,2.0,2.0,1.0277482742363648
1,8,1498.435973130156,1516.7053239472891,35.16687569383085,5.4958673034452445,0.8066177494834147,0.7968877404426016,11.083453298390323,0.11481410668159582,10.968639191708727,182,13.968400978991438,2.0,4.0,2.0,2.0,3.0,4.0,2.0,1.0277482742363648
1,9,872.7622730632754,881.9682664104103,35.59715712596085,9.494242785334158,1.0948853025525935,0.11873422836570346,17.604782433665655,0.009732313800467497,17.595050119865185,191,10.026229677241615,1.0,2.0,2.0,2.0,2.0,2.0,2.0,1.0275048878427702
1,9,872.7622730632754,881.9682664104103,35.59715712596085,9.494242785334158,1.0861262201321729,0.11581453422556322,17.64857784576776,0.010705545180514246,17.637872300587247,192,10.017470594821194,2.0,2.0,2.0,2.0,2.0,2.0,2.0,1.0275048878427702
1,10,529.8208206985321,535.0038436343164,35.55481377353945,10.911860993079001,1.0017286098168077,0.19469943825399566,16.849289386500782,0.009734971912699782,16.839554414588083,1101,8.328268471314663,1.0,2.0,2.0,2.0,2.0,2.0,2.0,1.0272243299392034
1,10,529.8208206985321,535.0038436343164,35.55481377353945,10.911860993079001,0.7544603232342332,0.3202805759278229,11.093000494521402,0.01654945225158963,11.076451042269813,1102,8.301010549959104,2.0,4.0,2.0,2.0,2.0,4.0,2.0,1.0272243299392034
1,11,297.80365624999996,300.52153124999995,35.532046875000006,11.555364062499997,,,,,,,,,,,,,,,1.02708764592304
1,12,223.25889021415028,225.25994524261307,35.562849132556245,11.865961588506394,,,,,,,,,,,,,,,1.0270527214771235
1,13,148.24350000000004,149.54182,35.605245000000004,12.267223999999999,,,,,,,,,,,,,,,1.0270081732080527
1,14,122.66625352112665,123.73337871674516,35.62650453834114,12.71818298122064,0.4566985058483774,0.5122034415271781,7.271146573922887,0.08861314292580458,7.182533430997083,1141,2.538620479204094,1.0,3.0,2.0,2.0,2.0,3.0,2.0,1.0269357004546598
1,14,122.66625352112665,123.73337871674516,35.62650453834114,12.71818298122064,0.5842624808294807,0.12269512097419095,9.086255347699806,0.019475416027649357,9.066779931672158,1142,2.5542008120262136,2.0,3.0,2.0,2.0,2.0,3.0,2.0,1.0269357004546598
1,15,87.01943501945509,87.76857821011684,35.66284715953313,13.657859260700409,2.5877210837219145,12.115638043470309,10.964457644163081,1.790075781663861,9.17438186249922,1151,0.9612648511981668,1.0,4.0,2.0,3.0,3.0,4.0,2.0,1.0267721729029784
1,15,87.01943501945509,87.76857821011684,35.66284715953313,13.657859260700409,0.12563643951830145,1.3664180204974956,2.477667458407433,0.3700918373407329,2.1075756210667005,1152,0.9612648511981668,2.0,2.0,2.0,3.0,3.0,2.0,2.0,1.0267721729029784
1,16,72.97911764705881,73.6047647058823,35.6648955882353,13.673941176470588,,,,,,,,,,,,,,,1.0267704043730466
1,17,61.738349829351364,62.266024744027256,35.66490418088749,13.671232124573411,0.2006289667159914,0.11784516977007262,2.7834834314286576,0.22205536121964098,2.561428070209016,1171,0.9456831392292605,1.0,2.0,2.0,2.0,2.0,2.0,2.0,1.0267709761552617
1,17,61.738349829351364,62.266024744027256,35.66490418088749,13.671232124573411,0.19965503969309822,0.13537585618214956,2.6685600427272647,0.22302928824253415,2.4455307544847305,1172,0.9330220879316494,2.0,2.0,2.0,2.0,2.0,2.0,2.0,1.0267709761552617
1,18,48.024611111111106,48.43333333333332,35.66484166666666,13.668793055555557,,,,,,,,,,,,,,,1.0267714365291438
1,19,36.85496129032261,37.167795967741796,35.66484415322593,13.665488064516108,0.19673303797757907,0.13634963028149044,2.744523272380286,0.22302903810329508,2.521494234276991,1191,0.9310731896364633,1.0,2.0,2.0,2.0,2.0,2.0,2.0,1.0267721277349522
1,19,36.85496129032261,37.167795967741796,35.66484415322593,13.665488064516108,0.19965481576932526,0.13634963028149044,2.7377057908662112,0.22789866775620543,2.509807123110006,1192,0.9310731896364633,2.0,2.0,2.0,2.0,2.0,2.0,2.0,1.0267721277349522
1,20,23.159029411764703,23.354617647058816,35.66477352941176,13.664001470588236,0.22400290832575373,0.1081057514093855,2.913011733923171,0.23569001658622782,2.6773217173369437,1201,0.9310729580844372,1.0,2.0,2.0,2.0,2.0,2.0,2.0,1.0267723830867637
1,20,23.159029411764703,23.354617647058816,35.66477352941176,13.664001470588236,0.21718542850714384,0.11394930553962256,2.853602266932428,0.23471609089785497,2.618886176034573,1202,0.9310729580844372,2.0,2.0,2.0,2.0,2.0,2.0,2.0,1.0267723830867637
1,21,15.892856603773572,16.02685094339624,35.66476424528307,13.661191320754718,,,,,,,,,,,,,,,1.0267729618600434
1,22,13.791159090909089,13.907363636363636,35.664742045454545,13.659981818181816,,,,,,,,,,,,,,,1.0267731968560656
1,23,12.772232558139537,12.88006976744186,35.66473953488372,13.65785348837209,,,,,,,,,,,,,,,1.0267736386280832
1,24,13.230688888888876,13.34220444444444,35.66470333333331,13.659704000000012,0.17822825486350036,0.13829733437495656,2.5614224606065896,0.21523740068215072,2.346185059924439,1241,0.9349678943659036,1.0,2.0,2.0,2.0,2.0,2.0,2.0,1.0267732248186696
1,24,13.230688888888876,13.34220444444444,35.66470333333331,13.659704000000012,0.22010702513197314,0.15290620772442381,2.9305399939031287,0.23374197359147586,2.696798020311653,1242,0.9515246174952998,2.0,2.0,2.0,2.0,2.0,2.0,2.0,1.0267732248186696
3,1,5406.225948275863,5513.78527586207,34.89201465517242,2.4797499999999997,,,,,,,,,,,,,,,1.0278454321018264
3,2,5403.957083333333,5511.442749999999,34.89199270833334,2.4793854166666662,,,,,,,,,,,,,,,1.0278454458976884
3,3,5177.468893756769,5277.775548682785,34.892512883435074,2.4513660122699577,1.5430293084410593,0.09145318725943227,22.636609659204368,0.005837437484644613,22.63077222171972,331,46.68782500218761,1.0,3.0,2.0,2.0,2.0,2.0,2.0,1.027848266603798
3,3,5177.468893756769,5277.775548682785,34.892512883435074,2.4513660122699577,1.5050859647908692,0.11966746843521456,22.407976691055786,0.003891624989763075,22.404085066066024,332,46.7209038146006,2.0,3.0,2.0,2.0,2.0,2.0,2.0,1.027848266603798
3,4,4892.967486486487,4984.455297297299,34.89391216216217,2.425089189189189,,,,,,,,,,,,,,,1.0278516322762292
3,5,4451.7550044314385,4530.537031064901,34.90059348632148,2.4345917024643677,,,,,,,,,,,,,,,1.0278561666471264
3,6,3492.191586956532,3546.153667259038,34.925206641593746,2.583861778806403,1.4593385191206252,0.1459338519120625,21.626423961021583,0.004864461730402083,21.621559499291184,361,42.41324182737577,1.0,3.0,2.0,2.0,2.0,2.0,2.0,1.0278629532124437
3,6,3492.191586956532,3546.153667259038,34.925206641593746,2.583861778806403,1.37761556204987,0.1955513615621638,19.925808140073016,0.0058373540764825,19.919970785996533,362,42.4268623202209,2.0,3.0,2.0,2.0,2.0,3.0,2.0,1.0278629532124437
3,7,2498.5583348987593,2531.292529184259,34.99883738111215,3.3051144678163737,1.4000023472203806,0.15371811734594865,20.927067747540228,0.005837396861238557,20.92123035067899,371,33.753774450635085,1.0,2.0,2.0,2.0,2.0,2.0,2.0,1.0278554195691507
3,7,2498.5583348987593,2531.292529184259,34.99883738111215,3.3051144678163737,1.3961107493128881,0.13815172571597917,20.857991884682235,0.004864497384365463,20.85312738729787,372,33.7566931490657,2.0,2.0,2.0,2.0,2.0,2.0,2.0,1.0278554195691507
3,8,1999.1002727272719,2022.7378409090911,35.07765568181817,4.092020454545455,1.2103069831283317,0.15274774626298077,18.758785322907848,0.007783324650342969,18.751001998257504,381,17.538749183966587,1.0,2.0,2.0,2.0,3.0,2.0,2.0,1.0278384057444505
3,8,1999.1002727272719,2022.7378409090911,35.07765568181817,4.092020454545455,1.0098863733820003,0.2091768499779673,14.158840454555154,0.0009729155812928711,14.157867538973862,382,17.59031370977511,2.0,4.0,2.0,2.0,3.0,4.0,2.0,1.0278384057444505
3,9,1998.0724772727265,2021.6928863636363,35.078772727272735,4.096020454545455,,,,,,,,,,,,,,,1.0278388692326312
3,10,1996.3243095238086,2019.91569047619,35.07989642857143,4.109646428571429,,,,,,,,,,,,,,,1.0278383134999858
3,11,1994.1655476190474,2017.7210952380958,35.08058333333332,4.117629761904762,,,,,,,,,,,,,,,1.0278380095331854
3,12,1491.7092457211224,1507.7148188386097,35.33264778619152,6.228604381254132,,,,,,,,,,,,,,,1.0277861021425867
3,13,747.9960855145578,754.6200415534025,35.577941320388284,10.823087196116536,1.2820532185703701,0.0885853021183779,20.343468611756716,0.006814254009105992,20.33665435774761,3131,11.933705699661479,1.0,4.0,2.0,2.0,2.0,4.0,2.0,1.027258448341637
3,13,747.9960855145578,754.6200415534025,35.577941320388284,10.823087196116536,1.0785990631556341,0.41274909998013437,16.793242273012496,0.019469297168874262,16.773772975843624,3132,11.94441381310436,2.0,2.0,2.0,2.0,2.0,2.0,2.0,1.027258448341637
3,14,397.97767475447796,401.14259926824604,35.944176237242445,14.58102452339687,0.6866038231913599,0.08862545802895568,11.91087199663877,0.00779124905749061,11.90308074758128,3141,4.150787935378123,1.0,3.0,2.0,2.0,2.0,2.0,2.0,1.0267930008358153
3,14,397.97767475447796,401.14259926824604,35.944176237242445,14.58102452339687,0.7323774114041173,0.06038218019555222,12.189409150444058,0.008765155189676934,12.18064399525438,3142,4.157605278303427,2.0,3.0,2.0,2.0,2.0,2.0,2.0,1.0267930008358153
3,15,209.95259904912857,211.52778741227092,36.39329449852836,17.456446298392596,,,,,,,,,,,,,,,1.0264747073311726
3,16,118.62522499999997,119.48477500000004,36.62205375,19.08538875,,,,,,,,,,,,,,,1.0262407230808839
3,17,97.31829756097541,98.01872752613227,36.84031867595823,20.26015031358886,0.02826240775731119,0.1393629072170862,1.1275726129382428,0.04093176295886447,1.0866408499793785,3171,0.8088896013299409,1.0,2.0,2.0,2.0,2.0,2.0,2.0,1.0260979973476607
3,17,97.31829756097541,98.01872752613227,36.84031867595823,20.26015031358886,0.031186105111515792,0.1393629072170862,1.1402419681397962,0.04288089452833421,1.0973610736114618,3172,0.807915035545206,2.0,2.0,2.0,2.0,2.0,2.0,2.0,1.0260979973476607
3,18,81.29672463768118,81.87837681159421,36.92527028985508,20.694757971014496,,,,,,,,,,,,,,,1.0260453049756968
3,19,64.94454190751455,65.40679985549117,36.92720791184978,20.69846051300577,0.011695384647016676,0.12572538495542926,0.015593846196022235,0.009746153872513897,0.005847692323508338,3191,0.5155715398559851,1.0,2.0,2.0,2.0,2.0,2.0,2.0,1.026045774651886
3,19,64.94454190751455,65.40679985549117,36.92720791184978,20.69846051300577,0.007796923098011117,0.19297384667577516,0.030213077004793077,0.012670000034268067,0.017543076970525012,3192,0.5272669245030018,2.0,2.0,2.0,2.0,2.0,2.0,2.0,1.026045774651886
3,20,49.17138461538462,49.51923076923076,36.92791025641026,20.696520512820513,,,,,,,,,,,,,,,1.0260468384079962
3,21,36.76994587843458,37.02916069941728,36.92795174854291,20.692747085761795,0.007796906968431197,0.14034432543176154,0.017543040678970192,0.011695360452646797,0.005847680226323397,3211,0.5155704732875129,1.0,2.0,3.0,3.0,2.0,2.0,2.0,1.0260478972483709
3,21,36.76994587843458,37.02916069941728,36.92795174854291,20.692747085761795,0.0009746133710538997,1.1841552458304883,0.11110592430014457,0.04970528192374889,0.06140064237639568,3212,0.5155704732875129,2.0,2.0,3.0,3.0,2.0,2.0,2.0,1.0260478972483709
3,22,23.488342105263158,23.653052631578944,36.92766710526317,20.687836842105263,,,,,,,,,,,,,,,1.0260490166622842
3,23,16.725815277777805,16.84286944444442,36.92723298611114,20.685325416666696,0.005847671837995422,0.39081940117269404,0.029238359189977105,0.01656840354098703,0.012669955648990077,3231,0.5311635252845841,1.0,2.0,2.0,2.0,2.0,2.0,2.0,1.0260493690864836
3,23,16.725815277777805,16.84286944444442,36.92723298611114,20.685325416666696,0.005847671837995422,0.20466851432983973,0.07407050994794201,0.011695343675990844,0.062375166271951166,3232,0.5155697337165963,2.0,2.0,2.0,2.0,2.0,2.0,2.0,1.0260493690864836
3,24,13.31916260162602,13.412260162601603,36.927122967479676,20.685879065040673,0.007796897566509067,0.15009027815529952,0.019492243916272668,0.009746121958136334,0.009746121958136334,3241,0.5340874833058711,1.0,2.0,2.0,2.0,2.0,2.0,2.0,1.0260491345125968
3,24,13.31916260162602,13.412260162601603,36.927122967479676,20.685879065040673,0.013644570741390867,0.23293231479945836,0.029238365874409,0.0146191829372045,0.0146191829372045,3242,0.5214175247602939,2.0,2.0,2.0,2.0,2.0,2.0,2.0,1.0260491345125968
4,1,4256.510708333334,4329.604916666667,34.905305208333324,2.4696145833333336,1.4690968765217625,0.11966645917962304,22.09062294416683,0.013620572589550588,22.077002371577283,411,43.551780855088005,1.0,3.0,2.0,2.0,2.0,2.0,2.0,1.0278569353788034
4,1,4256.510708333334,4329.604916666667,34.905305208333324,2.4696145833333336,1.4393891118954254,0.14982629848505646,22.042950940103406,0.013620572589550588,22.029330367513857,412,43.61404632978309,2.0,3.0,2.0,2.0,2.0,2.0,2.0,1.0278569353788034
4,2,4256.852469026551,4329.9559336283155,34.90517610619467,2.4677148230088504,,,,,,,,,,,,,,,1.027856995281125
4,3,4028.5093706630587,4095.574710995666,34.91018588846269,2.4944935801911754,,,,,,,,,,,,,,,1.0278586983238656
4,4,3806.4184888888894,3867.7390666666674,34.914798888888896,2.517732222222222,,,,,,,,,,,,,,,1.0278603806831688
4,5,3805.6035517241385,3866.9037241379306,34.91478103448276,2.517771551724138,,,,,,,,,,,,,,,1.0278603629986778
4,6,3789.6214658439894,3850.5215676509547,34.91517379903062,2.520503129131797,,,,,,,,,,,,,,,1.027860440712837
4,7,3753.62983116883,3813.6310519480508,34.916179870129874,2.5278779220779235,,,,,,,,,,,,,,,1.027860606578869
4,8,3751.2012772277208,3811.1420990099023,34.916170792079214,2.5277529702970267,,,,,,,,,,,,,,,1.0278606101475485
4,9,3747.6108928571434,3807.4625089285714,34.916359375000006,2.5296763392857153,,,,,,,,,,,,,,,1.027860594260502
4,10,3342.4050950998403,3392.693459532503,34.93118971920573,2.6609978177086067,,,,,,,,,,,,,,,1.0278609577395879
4,11,2482.044933987205,2514.428009477638,34.98496059988186,3.2661294284035285,1.3579440066123232,0.10604679784079514,20.600320160376114,0.008756157619882167,20.591564002756233,4111,32.78791866084988,1.0,2.0,2.0,2.0,2.0,2.0,2.0,1.027848103095375
4,11,2482.044933987205,2514.428009477638,34.98496059988186,3.2661294284035285,1.3416525118258662,0.17512315239764337,20.250073855580826,0.011674876826509558,20.23839897875432,4112,32.78499994164326,2.0,2.0,2.0,2.0,2.0,2.0,2.0,1.027848103095375
4,12,1491.3000661494677,1507.2795464968663,35.28012724245639,5.9876173063059746,1.0944819184143693,0.21405442834442304,16.662191297264748,0.01848651881156381,16.643704778453188,4121,17.275165342069233,1.0,4.0,2.0,2.0,2.0,3.0,2.0,1.0277759806305444
4,12,1491.3000661494677,1507.2795464968663,35.28012724245639,5.9876173063059746,1.1970296988612499,0.10994613819509003,18.51181615309542,0.0058378480457569925,18.505978305049666,4122,17.32965192382963,2.0,2.0,2.0,2.0,2.0,3.0,2.0,1.0277759806305444
4,13,747.2285837927243,753.8355161092682,35.55228676344455,10.522661264241066,1.1793752894693788,0.5684847365613374,19.55626431081724,0.036017012419125825,19.520247298398115,4131,11.831101863298793,1.0,3.0,2.0,2.0,2.0,2.0,2.0,1.027292313127898
4,13,747.2285837927243,753.8355161092682,35.55228676344455,10.522661264241066,1.2273173744071584,0.12849312538715157,19.825905187576645,0.007787462144675855,19.818117725431968,4132,11.899242157064705,2.0,3.0,2.0,2.0,2.0,2.0,2.0,1.027292313127898
4,14,391.9132086517145,395.01600443677563,35.91113161819076,14.303851096869575,0.7031491735244539,0.11394319856516591,12.22406007170908,0.008764861428089684,12.21529521028099,4141,4.482739683721869,1.0,3.0,2.0,2.0,2.0,2.0,2.0,1.0268274146533272
4,14,391.9132086517145,395.01600443677563,35.91113161819076,14.303851096869575,0.7290496205710573,0.1606891261816442,12.411043782174993,0.00973873492009965,12.401305047254894,4142,4.505138774038098,2.0,3.0,2.0,2.0,2.0,2.0,2.0,1.0268274146533272
4,15,196.20540432140504,197.67105982444357,36.34201466576643,17.15100355840646,,,,,,,,,,,,,,,1.0265094628017633
4,16,88.49943989176651,89.13178391959786,36.68155316969455,19.677294317742557,,,,,,,,,,,,,,,1.0261317828661791
4,17,65.62107204470881,66.08666699064507,36.80762338719469,20.396944617907916,,,,,,,,,,,,,,,1.0260362429654335
4,18,89.8729933356716,90.51546439845677,36.681273325149064,19.717101122413165,0.016318914402833288,0.12571615861507487,0.4940937396732013,0.06431989510538716,0.4297738445678142,4181,0.6909516004502955,1.0,2.0,2.0,2.0,2.0,2.0,2.0,1.026121076408163
4,18,89.8729933356716,90.51546439845677,36.681273325149064,19.717101122413165,0.011519233696117613,0.323548563257402,0.43951928322014555,0.05067628099212321,0.38884300222802237,4182,0.6899770565850623,2.0,2.0,2.0,2.0,2.0,2.0,2.0,1.026121076408163
4,19,64.47968459837882,64.93666138540904,36.811761219602076,20.45193002947678,0.0009600264373557337,0.6305891913491252,0.11208308656128192,0.03313760820072683,0.07894547836055509,4191,0.5116836560406348,1.0,2.0,2.0,3.0,2.0,2.0,2.0,1.0260245638143026
4,19,64.47968459837882,64.93666138540904,36.811761219602076,20.45193002947678,0.013440370122980272,0.1306011617322763,0.030213701594780342,0.00974635535315495,0.02046734624162539,4192,0.5048612072934264,2.0,2.0,2.0,3.0,2.0,2.0,2.0,1.0260245638143026
4,20,52.58775824175818,52.95873626373624,36.828170879120876,20.512548901098896,,,,,,,,,,,,,,,1.026020696335418
4,21,42.853491496008246,43.154990628253984,36.834386515098956,20.530276969802117,0.007680240873114343,0.7066134656561655,0.14034805386825905,0.045808045359779,0.09454000850848006,4211,0.5097363345354131,1.0,2.0,3.0,3.0,2.0,2.0,2.0,1.0260206396247498
4,21,42.853491496008246,43.154990628253984,36.834386515098956,20.530276969802117,0.014400451637089393,0.16861259249450566,0.02826453862624662,0.011695671155688255,0.016568867470558364,4212,0.5194827271651534,2.0,2.0,3.0,3.0,2.0,2.0,2.0,1.0260206396247498
4,22,27.705989795918367,27.89976530612246,36.8484224489796,20.573420408163262,,,,,,,,,,,,,,,1.0260196576570226
4,23,20.723972947761254,20.868643190298528,36.85064232742525,20.57782511660443,0.004800152805313203,0.6773746066332519,0.06822478052421244,0.03411239026210622,0.03411239026210622,4231,0.5341025675324059,1.0,2.0,2.0,2.0,2.0,2.0,2.0,1.0260201566373315
4,23,20.723972947761254,20.868643190298528,36.85064232742525,20.57782511660443,0.013440427854876967,0.3771855723267173,0.09648933245567187,0.03313775054033175,0.06335158191534011,4232,0.5341025675324059,2.0,2.0,2.0,2.0,2.0,2.0,2.0,1.0260201566373315
4,24,12.453541237113395,12.54010309278352,36.85126005154639,20.57849278350514,0.008640272606345582,0.27192440548275,0.046782693416387106,0.009746394461747312,0.037036298954639786,4241,0.5633415998889948,1.0,2.0,2.0,2.0,2.0,2.0,3.0,1.0260204467660363
4,24,12.453541237113395,12.54010309278352,36.85126005154639,20.57849278350514,0.014400454343909306,0.2709497660365753,0.02826454393906721,0.012670312800271507,0.0155942311387957,4242,0.5341024165037528,2.0,2.0,2.0,2.0,2.0,2.0,3.0,1.0260204467660363
5,1,4358.208575757576,4434.174696969696,34.908728787878786,2.490069696969697,1.4633455931857695,0.1313411106209915,21.732575770753396,0.008756074041399433,21.723819696711995,511,43.358132858778575,1.0,2.0,2.0,2.0,2.0,2.0,2.0,1.0278579141116515
5,1,4358.208575757576,4434.174696969696,34.908728787878786,2.490069696969697,1.216100561724127,0.25879063277913883,15.669480945642142,0.015566353851376771,15.653914591790768,512,43.36105155012571,2.0,4.0,2.0,2.0,2.0,4.0,2.0,1.0278579141116515
5,2,4358.451354838709,4434.4239677419355,34.90865806451613,2.4901693548387103,,,,,,,,,,,,,,,1.0278578489496228
5,3,4136.96428728887,4206.964356117678,34.91109407659958,2.4881899611450455,,,,,,,,,,,,,,,1.0278599681620706
5,4,3906.7877843137244,3970.7260980392152,34.914926470588235,2.5008362745098043,,,,,,,,,,,,,,,1.0278619431145835
5,5,3905.9932608695644,3969.9112608695655,34.914878260869564,2.500921739130434,,,,,,,,,,,,,,,1.027861897173428
5,6,3444.717394136816,3497.502586569807,34.92832689175654,2.6023809696818017,,,,,,,,,,,,,,,1.0278638275426124
5,7,2501.992700111267,2534.7846735534217,34.99187429710672,3.2666088019288053,1.2946877846854166,0.19944475117764351,18.97643839863384,0.011674814703081573,18.964763583930758,571,33.88517677446901,1.0,2.0,2.0,2.0,2.0,2.0,2.0,1.0278535724282283
5,7,2501.992700111267,2534.7846735534217,34.99187429710672,3.2666088019288053,1.2783963765879687,0.5146647481608461,19.184639260838797,0.033078641658731124,19.151560619180067,572,33.909499305100425,2.0,2.0,2.0,2.0,2.0,2.0,2.0,1.0278535724282283
5,8,2005.6347179487184,2029.3562051282056,35.06344871794872,3.9950897435897432,,,,,,,,,,,,,,,1.0278373433312058
5,9,2006.0403684210523,2029.7685789473683,35.063769736842104,3.9991394736842105,,,,,,,,,,,,,,,1.0278371732448741
5,10,2006.1169999999984,2029.8465581395353,35.06361860465116,3.998140697674418,,,,,,,,,,,,,,,1.027837157950177
5,11,1510.0728129417932,1526.3432712437864,35.27102690066194,5.964102598135077,1.238245512284429,0.14886572906554502,18.984758859653038,0.010702764834777747,18.97405609481826,5111,18.49826954898132,1.0,4.0,2.0,2.0,2.0,2.0,2.0,1.027771811285287
5,11,1510.0728129417932,1526.3432712437864,35.27102690066194,5.964102598135077,1.053275400929247,0.47384058859425116,15.66495580362925,0.022378508290898925,15.64257729533835,5112,18.377620199934732,2.0,2.0,2.0,2.0,2.0,2.0,2.0,1.027771811285287
5,12,755.1306434443985,761.8288457377802,35.5653218736478,10.763956407759945,1.2426987943074925,0.15770117851673884,19.970615291795667,0.008761176584263269,19.961854115211402,5121,11.675727994628184,1.0,4.0,2.0,2.0,3.0,3.0,2.0,1.027259285718051
5,12,755.1306434443985,761.8288457377802,35.5653218736478,10.763956407759945,1.0336645835366334,0.32611046174757724,16.763051197890388,0.0496466673108252,16.713404530579567,5122,11.695197275926548,2.0,2.0,2.0,2.0,3.0,3.0,2.0,1.027259285718051
5,13,398.1753842387134,401.3408612088748,36.06730668706962,15.224290558531006,0.6753836566305806,0.1334312344601282,11.800385669481118,0.011687407397967434,11.78869826208315,5131,4.1159153053175315,1.0,2.0,2.0,2.0,2.0,2.0,2.0,1.0267461029968827
5,13,398.1753842387134,401.3408612088748,36.06730668706962,15.224290558531006,0.6820991191254869,0.15583209863956576,11.812073076879086,0.010713456781470147,11.801359620097617,5132,4.1100716016185475,2.0,2.0,2.0,2.0,2.0,2.0,2.0,1.0267461029968827
5,14,304.11694117647056,306.4556470588236,36.289275490196076,16.64326078431373,,,,,,,,,,,,,,,1.0265903054362555
5,15,216.46420871644,218.09079054799653,36.51645475358586,18.05890032180951,0.3608306943286857,0.1646498663766354,6.099839132450381,0.01948519128717579,6.080353941163206,5151,2.087838246420886,1.0,2.0,2.0,2.0,2.0,2.0,2.0,1.0264205111069673
5,15,216.46420871644,218.09079054799653,36.51645475358586,18.05890032180951,0.3464358527996158,0.14419041552510084,6.584046135936699,0.012665374336664263,6.571380761600035,5152,2.0810184294703746,2.0,2.0,2.0,2.0,2.0,2.0,2.0,1.0264205111069673
5,16,133.474,134.44473913043464,36.75367971014494,19.500236956521732,0.03647358007466794,0.2163250538135654,1.2589728357077772,0.03605417563559423,1.2229186600721829,5161,0.7581121255268194,1.0,2.0,2.0,2.0,2.0,2.0,2.0,1.0262334208931962
5,16,133.474,134.44473913043464,36.75367971014494,19.500236956521732,0.04607189062063318,0.12960014485227114,1.3349789356963269,0.02923311538021154,1.3057458203161154,5162,0.7600609998855001,2.0,2.0,2.0,2.0,2.0,2.0,2.0,1.0262334208931962
5,17,105.61892319547938,106.38062316979199,37.03549384793226,21.050553467762697,,,,,,,,,,,,,,,1.0260319345797653
5,18,77.36001282051281,77.9118846153846,37.158535897435904,21.7003423076923,,,,,,,,,,,,,,,1.0259449984826987
5,19,64.83671877807699,65.29747349505851,37.15782895327942,21.700028975741056,0.009601013117835426,0.40060644669521256,0.08967346252058286,0.03703903886719727,0.052634423653385595,5191,0.5107488517476677,1.0,2.0,2.0,3.0,2.0,2.0,2.0,1.0259445482980332
5,19,64.83671877807699,65.29747349505851,37.15782895327942,21.700028975741056,0.015361620988536679,0.14815615546878907,0.022418365630145716,0.012671250138778014,0.009747115491367704,5192,0.5273189480829927,2.0,2.0,2.0,3.0,2.0,2.0,2.0,1.0259445482980332
5,20,52.82905000000001,53.20268333333332,37.15712666666667,21.698233333333338,0.007680810722725544,0.22710779770393727,0.03996317470326794,0.01754480840631275,0.022418366296955188,5201,0.5107488669393269,1.0,2.0,2.0,2.0,2.0,2.0,2.0,1.0259445177824493
5,20,52.82905000000001,53.20268333333332,37.15712666666667,21.698233333333338,0.017281824126132474,0.09454702307846317,0.018519519984441242,0.011696538937541835,0.006822981046899407,5202,0.5107488669393269,2.0,2.0,2.0,2.0,2.0,2.0,2.0,1.0259445177824493
5,21,39.90813653846142,40.189397115384594,37.15633076923052,21.69946377403838,,,,,,,,,,,,,,,1.0259435665021077
5,22,28.53381632653062,28.73397959183671,37.15568265306122,21.700325510204078,,,,,,,,,,,,,,,1.0259428312174828
5,23,20.593541842263715,20.737620108368468,37.15509876580391,21.69986074653812,0.0,0.3362761501835639,0.04386210654568225,0.017544842618272896,0.026317263927409348,5231,0.509775149408707,1.0,2.0,2.0,2.0,2.0,2.0,2.0,1.025942517218881
5,23,20.593541842263715,20.737620108368468,37.15509876580391,21.69986074653812,0.012481341762701872,0.23977951578306295,0.04191267958809637,0.022418410012237593,0.01949426957585878,5232,0.5107498628874999,2.0,2.0,2.0,2.0,2.0,2.0,2.0,1.025942517218881
5,24,13.565149999999997,13.659785714285732,37.154625714285714,21.699732857142852,0.014401552738645424,0.12378865092410457,0.017544848162471514,0.012671279228451649,0.004873568934019864,5241,0.5243960173005375,1.0,2.0,2.0,2.0,2.0,2.0,2.0,1.0259421930194903
5,24,13.565149999999997,13.659785714285732,37.154625714285714,21.699732857142852,0.01728186328637451,0.2456278742746012,0.0467862617665907,0.017544848162471514,0.029241413604119193,5242,0.5088005967116739,2.0,2.0,2.0,2.0,2.0,2.0,2.0,1.0259421930194903
6,1,3555.5689239130456,3611.4604891304352,34.930409239130434,2.6738418478260866,1.2423880653092663,0.9991640901116806,18.05500212686716,0.05740085814663015,17.997601268720526,611,37.016743233270915,1.0,3.0,2.0,2.0,2.0,2.0,2.0,1.0278591976671299
6,1,3555.5689239130456,3611.4604891304352,34.930409239130434,2.6738418478260866,1.3036805070590578,0.706322423973788,18.392597004441406,0.029186877023710246,18.363410127417694,612,37.130572053663386,2.0,3.0,2.0,2.0,2.0,2.0,2.0,1.0278591976671299
6,2,3554.805486486487,3610.678662162162,34.930454054054046,2.6739729729729733,,,,,,,,,,,,,,,1.0278592218832852
6,3,3274.949484315328,3324.316236179305,34.93846206582997,2.780295974268086,,,,,,,,,,,,,,,1.0278561372249368
6,4,3003.670973684211,3046.9413684210517,34.94486842105264,2.871150657894738,,,,,,,,,,,,,,,1.0278530373800485
6,5,3005.658220000001,3048.9714400000016,34.94498200000001,2.871015,,,,,,,,,,,,,,,1.0278531404612232
6,6,3006.107822222223,3049.430755555556,34.94485555555556,2.8709,,,,,,,,,,,,,,,1.0278530499191723
6,7,2499.1374119995717,2532.346345994545,34.97762906234778,3.2778245382634763,1.2472744681415076,0.13328908122885066,18.335518429481162,0.004864565008352213,18.33065386447281,671,29.680656941960194,1.0,3.0,2.0,2.0,2.0,3.0,2.0,1.0278411309984041
6,7,2499.1374119995717,2532.346345994545,34.97762906234778,3.2778245382634763,1.1986288180579856,0.2607406844476786,17.52216316008467,0.015566608026727083,17.506596552057946,672,29.758489982093828,2.0,3.0,2.0,2.0,2.0,3.0,2.0,1.0278411309984041
6,8,2003.0035241379287,2027.0495586206896,35.050652758620686,4.018198620689653,1.0906528771668678,0.42127805157292925,17.383313966405375,0.0389171410229034,17.34439682538247,681,16.608862860049598,1.0,4.0,2.0,2.0,3.0,3.0,2.0,1.0278247309189368
6,8,2003.0035241379287,2027.0495586206896,35.050652758620686,4.018198620689653,1.207404300235578,0.13231827947787156,18.60531219452454,0.005837571153435509,18.599474623371105,682,16.486273865827453,2.0,2.0,2.0,2.0,3.0,3.0,2.0,1.0278247309189368
6,9,2004.7448181818183,2028.8202499999993,35.050742045454555,4.018736363636363,,,,,,,,,,,,,,,1.0278247453396894
6,10,2004.764169642856,2028.8398928571428,35.050711160714286,4.0193392857142864,,,,,,,,,,,,,,,1.0278246572745966
6,11,1486.560373514563,1502.7723603763702,35.24965282453374,5.816748569437165,,,,,,,,,,,,,,,1.0277737191452232
6,12,892.0202954057679,900.3382049520544,35.43974750250461,9.010254737369397,1.1533280295377508,0.31144723160513105,17.65224512381957,0.01654563417902259,17.635699489640544,6121,11.923562607482687,1.0,2.0,2.0,2.0,2.0,3.0,2.0,1.0274613723512322
6,12,892.0202954057679,900.3382049520544,35.43974750250461,9.010254737369397,1.1397022131550263,0.2939283248273424,18.529163735307765,0.015572361580256551,18.51359137372751,6122,11.9547073306432,2.0,2.0,2.0,2.0,2.0,3.0,2.0,1.0274613723512322
6,13,664.6463461721792,670.4917521212681,35.584107064543815,11.721401677948377,1.1469221049517908,0.15091080328313033,18.927135585961636,0.0038944723427904596,18.923241113618843,6131,9.774151962318358,1.0,2.0,2.0,2.0,2.0,2.0,2.0,1.0270967792093568
6,13,664.6463461721792,670.4917521212681,35.584107064543815,11.721401677948377,1.1615263762372547,0.15967336605440888,18.950502420018378,0.0029208542570928453,18.947581565761286,6132,9.635898194149297,2.0,2.0,2.0,2.0,2.0,2.0,2.0,1.0270967792093568
6,14,388.6219810062894,391.7736987421381,36.22102030188687,16.312659477987395,0.6243817174152789,0.1451370918796826,11.40641171752405,0.004870372210727604,11.401541345313321,6141,4.247938642196616,1.0,2.0,2.0,2.0,2.0,2.0,2.0,1.0266155816565465
6,14,388.6219810062894,391.7736987421381,36.22102030188687,16.312659477987395,0.6350965362788796,0.13929264522680948,11.454141365189178,0.004870372210727604,11.44927099297845,6142,4.214820111163669,2.0,2.0,2.0,2.0,2.0,2.0,2.0,1.0266155816565465
6,15,225.16135128401766,226.8976226523578,36.55238175546188,18.328601226523567,,,,,,,,,,,,,,,1.0263804446725024
6,16,152.58278378378373,153.72732432432431,36.62652837837838,18.888574324324324,0.08282220398008007,0.24846661194024017,2.8052367677488292,0.020461956277431546,2.7847748114713977,6161,1.1020225023702417,1.0,2.0,2.0,2.0,2.0,2.0,2.0,1.0262948329706818
6,16,152.58278378378373,153.72732432432431,36.62652837837838,18.888574324324324,0.07989906736901842,0.46672747889950994,2.7730822650271514,0.038975154814155324,2.734107110212996,6162,1.1127406699441342,2.0,2.0,2.0,2.0,2.0,2.0,2.0,1.0262948329706818
6,17,113.38376468555639,114.22511057360056,36.68700785245338,19.619363389771934,,,,,,,,,,,,,,,1.026151197274263
6,18,77.77809302325579,78.34716279069765,36.82958023255814,20.93788372093023,,,,,,,,,,,,,,,1.0259059430645656
6,19,64.39107480053183,64.8603251329788,36.94161574135639,21.568378856382935,0.010723162076679546,0.4133291564101934,0.5010641188557534,0.08481046369737459,0.4162536551583788,6191,0.6687353804183791,1.0,2.0,2.0,2.0,2.0,2.0,2.0,1.0258168179629135
6,19,64.39107480053183,64.8603251329788,36.94161574135639,21.568378856382935,0.009748329160617773,0.26612938608486514,0.4376999793117378,0.0672634712082626,0.3704365081034752,6192,0.6433897246007728,2.0,2.0,2.0,2.0,2.0,2.0,2.0,1.0258168179629135
6,20,52.0165,52.39386842105263,36.97579736842104,21.878772368421053,0.012673582686600623,0.7262937770398048,0.18132972151597812,0.056543676601756625,0.1247860449142215,6201,0.5751856757764897,1.0,2.0,2.0,2.0,3.0,2.0,3.0,1.0257557252334408
6,20,52.0165,52.39386842105263,36.97579736842104,21.878772368421053,0.012673582686600623,0.1667063568775928,0.1091877892999438,0.007799127807138844,0.10138866149280495,6202,0.6063821870050451,2.0,2.0,2.0,2.0,3.0,2.0,3.0,1.0257557252334408
6,21,39.958883244206994,40.24780303030319,36.97351103683904,21.874801544860574,,,,,,,,,,,,,,,1.0257551049378946
6,22,27.573641025641017,27.772000000000006,36.97111538461539,21.869534615384616,,,,,,,,,,,,,,,1.025754766604355
6,23,19.63012241124255,19.77103254437862,36.970696412722205,21.867526460798892,0.009748916520885453,0.1998527886781517,0.038020774431453255,0.0048744582604427255,0.033146316171010534,6231,0.5751860747322415,1.0,2.0,2.0,2.0,2.0,2.0,2.0,1.0257550137573386
6,23,19.63012241124255,19.77103254437862,36.970696412722205,21.867526460798892,0.010723808172973994,0.1754804973759381,0.024372291302213626,0.0038995666083541792,0.020472724693859447,6232,0.57616096638433,2.0,2.0,2.0,2.0,2.0,2.0,2.0,1.0257550137573386
6,24,12.741538720538717,12.832730639730654,36.970698484848505,21.866124579124566,0.011698695301338604,0.13648477851561705,0.018522934227119453,0.004874456375557752,0.013648477851561702,6241,0.6054074818442727,1.0,2.0,2.0,2.0,2.0,2.0,2.0,1.0257554104026387
6,24,12.741538720538717,12.832730639730654,36.970698484848505,21.866124579124566,0.012673586576450154,0.18035488589563678,0.017548042952007906,0.006824238925780852,0.010723804026227055,6242,0.5820100912415954,2.0,2.0,2.0,2.0,2.0,2.0,2.0,1.0257554104026387
7,1,3623.483466666665,3680.97948,34.92836533333333,2.647149333333334,1.4077793758622086,0.17025666259563682,21.49417398128803,0.008756056933489896,21.485417924354536,711,37.774602506290236,1.0,2.0,2.0,2.0,2.0,2.0,2.0,1.0278599223786542
7,1,3623.483466666665,3680.97948,34.92836533333333,2.647149333333334,1.4272372801588529,0.1644192913066436,21.526279523377486,0.008756056933489896,21.517523466443997,712,37.75125302113426,2.0,2.0,2.0,2.0,2.0,2.0,2.0,1.0278599223786542
7,2,3623.638180327869,3681.137868852459,34.928512295081966,2.6470590163934418,,,,,,,,,,,,,,,1.0278600478380635
7,3,3369.866005563958,3421.3687683060866,34.934130124330444,2.71180740486331,,,,,,,,,,,,,,,1.027858801504923
7,4,3105.474933333334,3150.9260333333327,34.940809999999985,2.7973099999999986,,,,,,,,,,,,,,,1.027856482287832
7,5,3106.470985074626,3151.9439402985067,34.940869402985065,2.798294029850746,,,,,,,,,,,,,,,1.0278564410857682
7,6,3101.1954869215288,3146.552266599602,34.94101509054332,2.800365744466801,,,,,,,,,,,,,,,1.0278563707809383
7,7,3088.886968253967,3133.973047619046,34.94132619047619,2.8042468253968256,,,,,,,,,,,,,,,1.0278562694284457
7,8,3033.302144950627,3077.1762765211893,34.94450643516999,2.859226298184133,,,,,,,,,,,,,,,1.0278538327759632
7,9,2494.2164122611302,2527.284105249463,34.97579551639549,3.2732116997546306,1.165550931931601,0.16442246034761315,17.017238188994682,0.007783311732431392,17.009454877262254,791,29.389785101660934,1.0,4.0,2.0,2.0,2.0,4.0,2.0,1.0278401116411302
7,9,2494.2164122611302,2527.284105249463,34.97579551639549,3.2732116997546306,1.332892134178876,0.1624766324145053,20.084835925539203,0.009729139665539241,20.075106785873665,792,29.38686635976127,2.0,2.0,2.0,2.0,2.0,2.0,2.0,1.0278401116411302
7,10,1518.23903282066,1534.8899676208614,35.23043557288975,5.74370374383696,1.191903525638561,0.17416386211371626,18.382557803991293,0.008756842229181265,18.37380096176211,7101,16.447295671342232,1.0,2.0,2.0,2.0,2.0,2.0,2.0,1.0277677460041974
7,10,1518.23903282066,1534.8899676208614,35.23043557288975,5.74370374383696,1.2045522977473784,0.1585961425951718,18.517802367308647,0.007783859759272236,18.510018507549375,7102,16.383078828328237,2.0,2.0,2.0,2.0,2.0,2.0,2.0,1.0277677460041974
7,11,900.4786052795043,908.8814900621063,35.442877461180196,9.113143190993803,1.2263405123616622,0.18784422133793713,19.606848905972765,0.010706147330141493,19.596142758642625,7111,11.476989937911682,1.0,2.0,2.0,2.0,2.0,2.0,2.0,1.0274470975223
7,11,900.4786052795043,908.8814900621063,35.442877461180196,9.113143190993803,1.23023365684535,0.1712983572822639,19.637020775721343,0.008759575088297587,19.628261200633045,7112,11.477963224032603,2.0,2.0,2.0,2.0,2.0,2.0,2.0,1.0274470975223
7,12,654.2476936063601,659.9744802309101,35.61483543731606,12.009237795447131,1.1401413477929874,0.16844103601040716,18.795293405461848,0.007789180855972587,18.78750422460588,7121,9.45314461632973,1.0,2.0,2.0,2.0,2.0,2.0,2.0,1.0270656373148355
7,12,654.2476936063601,659.9744802309101,35.61483543731606,12.009237795447131,1.1547460618979362,0.16357279797542432,18.825476481278745,0.00876282846296916,18.816713652815775,7122,9.571929624383312,2.0,2.0,2.0,2.0,2.0,2.0,2.0,1.0270656373148355
7,13,390.98099519370777,394.1490521409827,36.24355387416256,16.45701124381004,0.5766613372097257,0.16851758671838268,10.682846089829496,0.010714991063018552,10.672131098766478,7131,3.8817490351026303,1.0,2.0,2.0,2.0,2.0,2.0,2.0,1.0265990830328473
7,13,390.98099519370777,394.1490521409827,36.24355387416256,16.45701124381004,0.5922467787559346,0.16949167681502073,10.710120612535361,0.010714991063018552,10.699405621472344,7132,3.8729822242328877,2.0,2.0,2.0,2.0,2.0,2.0,2.0,1.0265990830328473
7,14,219.68706981519566,221.37527440731756,36.58396961918984,18.575549897330617,,,,,,,,,,,,,,,1.0263421841244438
7,15,152.14876086956522,153.28782608695647,36.669416304347834,19.332159782608695,,,,,,,,,,,,,,,1.0262129215225637
7,16,127.94791664704525,128.89910784082895,36.76315196609373,20.115927690134242,0.03508506138332752,0.1676286266092315,1.7376851235131385,0.023390040922218355,1.7142950825909202,7161,0.8790757046600398,1.0,2.0,2.0,2.0,2.0,2.0,2.0,1.0260777259779073
7,16,127.94791664704525,128.89910784082895,36.76315196609373,20.115927690134242,0.037034231460179055,0.198815347838856,1.756202239243228,0.028262966114347175,1.727939273128881,7162,0.8936944802364263,2.0,2.0,2.0,2.0,2.0,2.0,2.0,1.0260777259779073
7,17,88.4036794825728,89.05194789795188,36.98587335609037,21.646499443047098,,,,,,,,,,,,,,,1.0258286594335444
7,18,76.09899999999998,76.65453125,36.994187499999995,21.740371875,0.006823884666197961,0.17742100132114702,0.004874203332998542,0.011698087999196506,-0.0068238846661979645,7181,0.555659179961834,1.0,2.0,2.0,2.0,2.0,2.0,3.0,1.0258086621355755
7,18,76.09899999999998,76.65453125,36.994187499999995,21.740371875,0.007798725332797672,0.18424488598734498,0.006823884666197961,0.012672928665796217,-0.005849043999598255,7182,0.5878289219596244,2.0,2.0,2.0,2.0,2.0,2.0,3.0,1.0258086621355755
7,19,63.86493431442945,64.32941816224003,36.98110622756633,21.730829055994228,,,,,,,,,,,,,,,1.0258013853116472
7,20,50.08479411764705,50.44726470588233,36.96788529411765,21.712582352941183,,,,,,,,,,,,,,,1.0257964434786246
7,21,39.17563815789466,39.4582953216375,36.96565511695901,21.709251206140245,0.009748530033248272,0.17352383459181922,0.006823971023273789,0.007798824026598617,-0.000974853003324828,7211,0.5673644479350494,1.0,2.0,3.0,3.0,2.0,2.0,2.0,1.025795680568667
7,21,39.17563815789466,39.4582953216375,36.96565511695901,21.709251206140245,0.008773677029923444,0.16767471657187025,0.06726485722941307,0.007798824026598617,0.05946603320281446,7212,0.5556662118951514,2.0,2.0,3.0,3.0,2.0,2.0,2.0,1.025795680568667
7,22,26.88188636363636,27.07479545454544,36.96929318181819,21.72042045454546,0.0038994134002652715,0.1520771226103456,0.007798826800530543,0.010723386850729495,-0.0029245600501989527,7221,0.5810125966395254,1.0,2.0,3.0,3.0,2.0,2.0,2.0,1.0257953157077129
7,22,26.88188636363636,27.07479545454544,36.96929318181819,21.72042045454546,0.0,0.22226656381512047,0.06531517445444329,0.021446773701458994,0.0438684007529843,7222,0.5771131832392601,2.0,2.0,3.0,3.0,2.0,2.0,2.0,1.0257953157077129
7,23,20.274777637130775,20.42008607594938,36.97769898734177,21.744107763713075,,,,,,,,,,,,,,,1.0257950636333788
7,24,12.085172413793092,12.171503448275864,36.985607586206896,21.767977241379313,0.005849125453584051,0.16182580421582535,0.009748542422640083,0.007798833938112065,0.0019497084845280178,7241,0.5849125453584049,1.0,2.0,2.0,2.0,2.0,2.0,2.0,1.0257943768881728
7,24,12.085172413793092,12.171503448275864,36.985607586206896,21.767977241379313,0.009748542422640083,0.16085094997356134,0.009748542422640083,0.008773688180376073,0.0009748542422640089,7242,0.601485067476893,2.0,2.0,2.0,2.0,2.0,2.0,2.0,1.0257943768881728
9,1,5105.710965517241,5205.372396551729,34.910843965517245,2.473695689655172,1.5070130849806462,0.20917224872229756,22.55265998898409,0.012647624341348225,22.540012364642738,911,45.90309320565323,1.0,2.0,2.0,2.0,2.0,2.0,2.0,1.02786101556636
9,1,5105.710965517241,5205.372396551729,34.910843965517245,2.473695689655172,1.5138233442413722,0.21014514290240127,22.628545735032183,0.011674730161244515,22.616871004870937,912,45.9488192321181,2.0,2.0,2.0,2.0,2.0,2.0,2.0,1.02786101556636
9,2,5106.920714285713,5206.620214285714,34.91092321428572,2.4735491071428575,,,,,,,,,,,,,,,1.02786109156634
9,3,4911.933291253797,5005.628506826871,34.91125069048895,2.4523452758055555,,,,,,,,,,,,,,,1.027863173728902
9,4,4705.16411627907,4792.595720930234,34.91227209302325,2.435163953488372,,,,,,,,,,,,,,,1.0278654616927714
9,5,4707.066749999997,4794.554552325579,34.91234593023255,2.4354549418604643,,,,,,,,,,,,,,,1.02786549589027
9,6,4704.959674418606,4792.385069767442,34.912370930232555,2.435472093023256,,,,,,,,,,,,,,,1.0278655144261317
9,7,4347.9665179350195,4425.221424188076,34.917998308289064,2.448039086282159,,,,,,,,,,,,,,,1.0278689411658037
9,8,3445.934337364944,3499.9646106963783,34.94457664020872,2.6369024788182607,1.4680790769823444,0.20041371097307017,22.15155235507687,0.013620349289431956,22.137932005787437,981,42.89729008706595,1.0,2.0,2.0,2.0,2.0,2.0,2.0,1.0278737866776013
9,8,3445.934337364944,3499.9646106963783,34.94457664020872,2.6369024788182607,1.4816994262717764,0.2325188200124455,22.18754899248465,0.013620349289431956,22.17392864319522,982,42.555808472738036,2.0,2.0,2.0,2.0,2.0,2.0,2.0,1.0278737866776013
9,9,2495.9888357150053,2529.493575082699,35.001860069574505,3.2768592391118565,1.1081269695780187,0.20138918586712018,17.464431282611955,0.014593419265733347,17.44983786334622,991,20.324741458695687,1.0,2.0,2.0,2.0,2.0,2.0,2.0,1.02786055323041
9,9,2495.9888357150053,2529.493575082699,35.001860069574505,3.2768592391118565,1.1217474942260366,0.21987418360371574,17.457621020287945,0.01653920850116446,17.44108181178678,992,20.511537225297076,2.0,2.0,2.0,2.0,2.0,2.0,2.0,1.02786055323041
9,10,1509.0742952257715,1525.847317174617,35.437049928351584,6.515299432056475,1.1782100593833105,0.20820557614205484,18.33960331905483,0.01362092554200359,18.325982393512827,9101,15.466560952945075,1.0,2.0,2.0,2.0,2.0,3.0,2.0,1.027830301019372
9,10,1509.0742952257715,1525.847317174617,35.437049928351584,6.515299432056475,1.0439466504692752,0.26463512481606977,15.48310064824608,0.017512618554004617,15.465588029692073,9102,15.521044655113089,2.0,3.0,2.0,2.0,2.0,3.0,2.0,1.027830301019372
9,11,870.8801603359643,879.0910020057678,35.7731609439638,10.108893236805802,1.099716521292193,0.1995060945707076,17.78329202970995,0.011678405535846299,17.771613624174105,9111,10.58939421962863,1.0,2.0,2.0,2.0,2.0,2.0,2.0,1.02753753182886
9,11,870.8801603359643,879.0910020057678,35.7731609439638,10.108893236805802,1.1045825235987956,0.1878276890348613,18.129751393940055,0.012651605997166825,18.117099787942887,9112,10.544626998407887,2.0,2.0,2.0,2.0,2.0,2.0,2.0,1.02753753182886
9,12,630.6848380156907,636.265864464695,35.60038127689185,10.938370279676047,,,,,,,,,,,,,,,1.027255020636296
9,13,383.894169256454,387.0594864517764,35.71605773725442,12.681130152818792,0.8081692785934147,0.1966869810552648,14.128356906494515,0.012658073038210111,14.115698833456305,9131,5.221941977224679,1.0,2.0,2.0,2.0,2.0,3.0,2.0,1.027012560344512
9,13,383.894169256454,387.0594864517764,35.71605773725442,12.681130152818792,0.7176153714739116,0.27068802343249315,12.107933710010977,0.01655286474227476,12.091380845268702,9132,5.297890415453939,2.0,2.0,2.0,2.0,2.0,3.0,2.0,1.027012560344512
9,14,223.9147314885493,225.67382652671725,35.946384246183186,14.446322194656467,,,,,,,,,,,,,,,1.0268239302535234
9,15,152.09206976744187,153.25516279069768,36.094472093023256,15.475517441860465,,,,,,,,,,,,,,,1.0267105626191348
9,16,121.08413019768236,122.00220552147256,36.235891274710326,16.42409677914113,0.2639779437204862,0.2035844658213344,5.087663468826936,0.021429943770666784,5.066233525056269,9161,1.5984789876210994,1.0,2.0,2.0,2.0,2.0,2.0,2.0,1.026600920442615
9,16,121.08413019768236,122.00220552147256,36.235891274710326,16.42409677914113,0.2688483854865468,0.20261037746812227,5.1168861194233,0.021429943770666784,5.095456175652633,9162,1.5867899273825539,2.0,2.0,2.0,2.0,2.0,2.0,2.0,1.026600920442615
9,17,85.429745087626,86.06907966011669,36.516703850238954,18.01576019649495,,,,,,,,,,,,,,,1.0264314555374288
9,18,77.10162499999998,77.67699999999999,36.529560000000004,18.064341250000005,0.007794010543479513,0.2542795939810191,0.20069577149459747,0.022407780312503598,0.17828799118209387,9181,0.6264435974321658,1.0,2.0,2.0,2.0,2.0,2.0,2.0,1.0264291991101833
9,18,77.10162499999998,77.67699999999999,36.529560000000004,18.064341250000005,0.007794010543479513,0.35560173104625276,0.16367422141306978,0.027279036902178297,0.13639518451089147,9182,0.6264435974321658,2.0,2.0,2.0,2.0,2.0,2.0,2.0,1.0264291991101833
9,19,65.15016258420098,65.63468126148217,36.5279699632583,18.078528107777146,,,,,,,,,,,,,,,1.0264244395572932
9,20,52.37407692307691,52.76179487179488,36.52283205128205,18.07892051282051,,,,,,,,,,,,,,,1.0264204034169941
9,21,38.908053460422884,39.194966017405775,36.51887550766692,18.077932076253553,0.0009742623109289221,0.23479721693387,0.10814311651311025,0.014613934663933818,0.09352918184917643,9211,0.6264506659272964,1.0,2.0,2.0,2.0,2.0,2.0,2.0,1.0264176174961945
9,21,38.908053460422884,39.194966017405775,36.51887550766692,18.077932076253553,0.0,0.18998115063113966,0.0876836079836029,0.009742623109289214,0.07794098487431368,9212,0.6264506659272964,2.0,2.0,2.0,2.0,2.0,2.0,2.0,1.0264176174961945
9,22,27.157913043478263,27.357260869565213,36.51512826086957,18.074566304347822,,,,,,,,,,,,,,,1.0264155853599735
9,23,18.69541055718479,18.83232184750731,36.511669244868315,18.073301301319653,0.007794131654029996,0.2045959559182874,0.11983477418071119,0.01851106267832124,0.10132371150238995,9231,0.6040452031873247,1.0,2.0,2.0,2.0,2.0,2.0,2.0,1.0264132497509917
9,23,18.69541055718479,18.83232184750731,36.511669244868315,18.073301301319653,0.009742664567537496,0.2367467489911611,0.11593770835369618,0.01948532913507499,0.0964523792186212,9232,0.6264533316926609,2.0,2.0,2.0,2.0,2.0,2.0,2.0,1.0264132497509917
9,24,12.638559210526324,12.730888157894743,36.50912993421051,18.06843125,0.011691205808279065,0.225055711809372,0.14224300400072862,0.020459610164488367,0.12178339383624025,9241,0.6264537778936199,1.0,2.0,2.0,2.0,2.0,2.0,2.0,1.0264125186729895
9,24,12.638559210526324,12.730888157894743,36.50912993421051,18.06843125,0.009742671506899224,0.22115864320661233,0.11788632523348057,0.0175368087124186,0.10034951652106197,9242,0.6264537778936199,2.0,2.0,2.0,2.0,2.0,2.0,2.0,1.0264125186729895
